Model Name,Precision,Recall,mAP50,Fitness
UrbanWaste_sz800_b16,0.7197810051639346,0.10356740641450846,0.09087271858299831,0.044158368148623325
UrbanWaste_sz640_b32,0.5452820608875361,0.18630773984521345,0.11052068133431463,0.051386316541996074
UrbanWaste_sz800_b32,0.5110076360893758,0.11423221859087362,0.08529310613978713,0.04129414370954396
UrbanWaste_sz640_b16,0.4885986071593109,0.12029887920298879,0.08572903193587014,0.041742977222457886
UrbanWaste_sz640_b50,0.32700048852437014,0.1444465449205903,0.1010714426905828,0.0490553776410235
